{
  "bindings": [
    {
      "authLevel": "function",
      "type": "httpTrigger",
      "direction": "in",
      "name": "req",
      "methods": [
        "get",
        "post"
      ]
    },
    {
      "type": "http",
      "direction": "out",
      "name": "res"
    }
    {
      "name": "outputEventHubMessage",
      "direction": "out",
      "type": "eventHub",
      "connection": "iotc-ehb3zagw535vpkq_Policy1_EVENTHUB",
      "eventHubName": "outeventhub"
    }
  ]
}