﻿{
  "bindings": [
    {
      "authLevel": "function",
      "type": "httpTrigger",
      "direction": "in",
      "name": "req",
      "methods": [
        "get",
        "post"
      ]
    },
    {
      "type": "http",
      "direction": "out",
      "name": "res"
    },
    {
      "name": "outputDocument",
      "direction": "out",
      "type": "cosmosDB",
      "connectionStringSetting": "iot-central-database_DOCUMENTDB",
      "databaseName": "outDatabase",
      "collectionName": "MyCollection",
      "createIfNotExists": true
    }
  ]
}