{
  "bindings": [
    {
      "authLevel": "function",
      "type": "httpTriggemr",
      "direction": "in",
      "name": "req",
      "methods": [
        "get",
        "post"
      ]
    },
    {
      "type": "http",
      "direction": "out",
      "name": "res"
    },
    {
      "name": "outputEventHubMessage",
      "direction": "out",
      "type": "eventHub",
      "connection": "iotc-eventHub_Policy1_EVENTHUB",
      "eventHubName": "outeventhub"
    },
    {
      "name": "outputDocument",
      "direction": "out",
      "type": "cosmosDB",
      "connectionStringSetting": "iotc-dataBase_DOCUMENTDB",
      "databaseName": "outDatabase",
      "collectionName": "MyCollection",
      "createIfNotExists": true
    }
  ]
}