{
  "IsEncrypted": false,
  "Values": {
    "WEBSITE_SLOT_NAME": "Production",
    "ID_SCOPE": "0ne0048ED74",
    "FUNCTIONS_EXTENSION_VERSION": "~2",
    "WEBSITE_HTTPSCALEV2_ENABLED": "0",
    "WEBSITE_AUTH_ENABLED": "False",
    "AzureWebJobsDashboard": "DefaultEndpointsProtocol=https;AccountName=iotcsatmvmf4uomgoae;AccountKey=ets+O37IACR3PBeBoJDLIduGDEBdt4FaK/MXgHT+vOqVtZii2InQ8DT23U0uhTmTdWFXnIFeFHFurakvGDucXA==",
    "WEBSITE_NODE_DEFAULT_VERSION": "8.4.0",
    "WEBSITE_CONTENTAZUREFILECONNECTIONSTRING": "DefaultEndpointsProtocol=https;AccountName=iotcsatmvmf4uomgoae;AccountKey=ets+O37IACR3PBeBoJDLIduGDEBdt4FaK/MXgHT+vOqVtZii2InQ8DT23U0uhTmTdWFXnIFeFHFurakvGDucXA==",
    "ScmType": "None",
    "WEBSITE_CONTENTSHARE": "iotc-fntmvmf4uomgoae",
    "IOTC_KEY_URL": "https://iotcvlttmvmf4uomgoae.vault.azure.net/secrets/iotckey/",
    "WEBSITE_SITE_NAME": "iotc-fntmvmf4uomgoae",
    "iot-central-database_DOCUMENTDB": "AccountEndpoint=https://iot-central-database.documents.azure.com:443/;AccountKey=k6YsjpgDPMvusN9N1a1h2hbrWT8VEL8Q01YA0IMg6rQQZGX3UJm1aemePqeqhQmqh91E6Std1BFAIOAqVEEPYg==;",
    "AzureWebJobsStorage": "DefaultEndpointsProtocol=https;AccountName=iotcsatmvmf4uomgoae;AccountKey=ets+O37IACR3PBeBoJDLIduGDEBdt4FaK/MXgHT+vOqVtZii2InQ8DT23U0uhTmTdWFXnIFeFHFurakvGDucXA=="
  }
}